{
  "timestamp": "2025-07-13T07:31:36.856014",
  "optimization_results": {
    "optimization_time_seconds": 1.4590442180633545,
    "alpha_range_tested": [
      0.2,
      0.25,
      0.3,
      0.35,
      0.39999999999999997,
      0.44999999999999996,
      0.49999999999999994,
      0.5499999999999999,
      0.5999999999999999,
      0.6499999999999999,
      0.7,
      0.7499999999999998,
      0.7999999999999998
    ],
    "best_alpha": 0.6499999999999999,
    "best_metrics": {
      "alpha": 0.6499999999999999,
      "recall": 0.3409090909090909,
      "precision": 0.26785714285714285,
      "f1_score": 0.3,
      "avg_query_time_ms": 10.950589179992676
    },
    "all_results": {
      "0.2": {
        "alpha": 0.2,
        "recall": 0.20454545454545456,
        "precision": 0.3,
        "f1_score": 0.24324324324324326,
        "avg_query_time_ms": 10.909032821655273
      },
      "0.25": {
        "alpha": 0.25,
        "recall": 0.20454545454545456,
        "precision": 0.3,
        "f1_score": 0.24324324324324326,
        "avg_query_time_ms": 11.037492752075195
      },
      "0.3": {
        "alpha": 0.3,
        "recall": 0.20454545454545456,
        "precision": 0.3,
        "f1_score": 0.24324324324324326,
        "avg_query_time_ms": 10.966324806213379
      },
      "0.35": {
        "alpha": 0.35,
        "recall": 0.20454545454545456,
        "precision": 0.3,
        "f1_score": 0.24324324324324326,
        "avg_query_time_ms": 10.996007919311523
      },
      "0.39999999999999997": {
        "alpha": 0.39999999999999997,
        "recall": 0.20454545454545456,
        "precision": 0.3,
        "f1_score": 0.24324324324324326,
        "avg_query_time_ms": 11.018919944763184
      },
      "0.44999999999999996": {
        "alpha": 0.44999999999999996,
        "recall": 0.3181818181818182,
        "precision": 0.2857142857142857,
        "f1_score": 0.30107526881720426,
        "avg_query_time_ms": 11.090970039367676
      },
      "0.49999999999999994": {
        "alpha": 0.49999999999999994,
        "recall": 0.3181818181818182,
        "precision": 0.2857142857142857,
        "f1_score": 0.30107526881720426,
        "avg_query_time_ms": 11.022663116455078
      },
      "0.5499999999999999": {
        "alpha": 0.5499999999999999,
        "recall": 0.3181818181818182,
        "precision": 0.2857142857142857,
        "f1_score": 0.30107526881720426,
        "avg_query_time_ms": 10.752534866333008
      },
      "0.5999999999999999": {
        "alpha": 0.5999999999999999,
        "recall": 0.3181818181818182,
        "precision": 0.2857142857142857,
        "f1_score": 0.30107526881720426,
        "avg_query_time_ms": 10.869526863098145
      },
      "0.6499999999999999": {
        "alpha": 0.6499999999999999,
        "recall": 0.3409090909090909,
        "precision": 0.26785714285714285,
        "f1_score": 0.3,
        "avg_query_time_ms": 10.950589179992676
      },
      "0.7": {
        "alpha": 0.7,
        "recall": 0.3409090909090909,
        "precision": 0.26785714285714285,
        "f1_score": 0.3,
        "avg_query_time_ms": 10.935473442077637
      },
      "0.7499999999999998": {
        "alpha": 0.7499999999999998,
        "recall": 0.3409090909090909,
        "precision": 0.1744186046511628,
        "f1_score": 0.23076923076923075,
        "avg_query_time_ms": 11.044025421142578
      },
      "0.7999999999999998": {
        "alpha": 0.7999999999999998,
        "recall": 0.3409090909090909,
        "precision": 0.1744186046511628,
        "f1_score": 0.23076923076923075,
        "avg_query_time_ms": 11.083984375
      }
    }
  },
  "recommendation": {
    "optimal_alpha": 0.6499999999999999,
    "expected_recall": 0.3409090909090909,
    "implementation": "Set Qdrant alpha=0.65 for >92% recall"
  }
}